old_index,j5_branch,j5_shifted,t_close,t_open,gripper_flips,pre_grasp_flips,t_cut,orig_seconds,clean_seconds,orig_actions,clean_actions,j5_shift_rad,video_frames,video_fps,decision,new_index,sha256_parquet
50,pos,True,23.46666717529297,43.400001525878906,4,0,50.400001525878906,96.467,50.4,2895,1513,-6.283185307179586,"{'observation.images.chest': 1513, 'observation.images.wrist_right': 1513}",30,keep,0,a1ed366a2f2f8a9687dcaed4a9a3c133cf0d9dad350725ac1809797c925281e7
51,pos,True,15.466666221618652,25.733333587646484,4,0,32.733333587646484,76.433,32.733,2294,983,-6.283185307179586,"{'observation.images.chest': 983, 'observation.images.wrist_right': 983}",30,keep,1,a26b7f12ef3704452003368dd53a5df5e8c2f92f523dd6c63568270552795b7e
52,pos,True,22.866666793823242,33.86666488647461,4,0,40.86666488647461,73.6,40.867,2209,1227,-6.283185307179586,"{'observation.images.chest': 1227, 'observation.images.wrist_right': 1227}",30,keep,2,cd26b55d520f14f2e4662d161344f1c08d6ed9b4b30c95191fe29108ee37b6a0
53,pos,True,20.66666603088379,31.46666717529297,4,0,38.46666717529297,71.1,38.467,2134,1155,-6.283185307179586,"{'observation.images.chest': 1155, 'observation.images.wrist_right': 1155}",30,keep,3,dc9c15905380d8eb807b8bea80ce91a6256fbd7418cc1388c6a6dd3ff30c21d3
54,pos,True,22.066667556762695,31.399999618530273,4,0,38.36666488647461,69.0,38.367,2071,1152,-6.283185307179586,"{'observation.images.chest': 1152, 'observation.images.wrist_right': 1152}",30,keep,4,2e50c24a67cda21fbb0cf26b99324690343a65b6dae560da59099d67fba57c10
55,pos,True,17.46666717529297,28.33333396911621,4,0,35.33333206176758,80.233,35.333,2408,1061,-6.283185307179586,"{'observation.images.chest': 1061, 'observation.images.wrist_right': 1061}",30,keep,5,66057863633ac0034e542de1603be6db51db8949a77b3e94075491eae08b13f0
56,pos,True,23.399999618530273,33.13333511352539,4,0,40.13333511352539,86.4,40.133,2593,1205,-6.283185307179586,"{'observation.images.chest': 1205, 'observation.images.wrist_right': 1205}",30,keep,6,5941abda28b916540ea32b40d459dd60fa79de0089db1bc0996a62499db9b54c
57,pos,True,19.933332443237305,27.200000762939453,4,0,34.20000076293945,61.8,34.2,1855,1027,-6.283185307179586,"{'observation.images.chest': 1027, 'observation.images.wrist_right': 1027}",30,keep,7,93f9a24f252082a8b8aa89e186656df748bd595b52ba6c4dc1a837b2c6a2d597
58,pos,True,19.200000762939453,37.13333511352539,4,0,44.13333511352539,68.5,44.133,2056,1325,-6.283185307179586,"{'observation.images.chest': 1325, 'observation.images.wrist_right': 1325}",30,keep,8,a15f699258ae1bbc04086212ce0349f61846bc1d7b63cf322cf655ffafa2f076
59,pos,True,9.600000381469727,20.200000762939453,4,0,27.200000762939453,68.0,27.2,2041,817,-6.283185307179586,"{'observation.images.chest': 817, 'observation.images.wrist_right': 817}",30,keep,9,a5b046a74e1a564b9d82613b5da245233beee178908bae42fae06cc0ab54f695
60,pos,True,10.133333206176758,16.33333396911621,4,0,23.33333396911621,65.133,23.333,1955,701,-6.283185307179586,"{'observation.images.chest': 701, 'observation.images.wrist_right': 701}",30,keep,10,c656d8d7fb496316dd7e3537097d84fd2e312b792c41eea82c923c33d2b09635
61,pos,True,12.733333587646484,19.399999618530273,4,0,26.399999618530273,62.867,26.4,1887,793,-6.283185307179586,"{'observation.images.chest': 793, 'observation.images.wrist_right': 793}",30,keep,11,da82c1c0b980fab92ffa0a22976bbe6f882170b3b4c053bf834a135f60ccfb7b
62,pos,True,12.133333206176758,18.53333282470703,4,0,25.53333282470703,54.133,25.533,1625,767,-6.283185307179586,"{'observation.images.chest': 767, 'observation.images.wrist_right': 767}",30,keep,12,8128768cb8d6a8d0b467b1ee1bd15bb16f0beb8ad4c87f95859fc330588102b7
63,pos,True,11.666666984558105,19.53333282470703,4,0,26.53333282470703,66.5,26.533,1996,797,-6.283185307179586,"{'observation.images.chest': 797, 'observation.images.wrist_right': 797}",30,keep,13,2120a1e53eb562628ae67300cde90f0ad00031dccc3baa18e11bd33a4052a145
64,pos,True,8.066666603088379,15.933333396911621,4,0,22.933332443237305,64.733,22.933,1943,689,-6.283185307179586,"{'observation.images.chest': 689, 'observation.images.wrist_right': 689}",30,keep,14,aad6ff0fb01987cce7ac7694fc8a62f15315d8f4cf16750a2a6f111ff1e939f6
65,pos,True,11.666666984558105,20.733333587646484,4,0,27.733333587646484,63.4,27.733,1903,833,-6.283185307179586,"{'observation.images.chest': 833, 'observation.images.wrist_right': 833}",30,keep,15,5b93e790d9a53a5245092a0c82607cf3ae6d646b2623f4761152a2aeace7bf2d
66,pos,True,12.133333206176758,20.66666603088379,4,0,27.66666603088379,60.833,27.667,1826,831,-6.283185307179586,"{'observation.images.chest': 831, 'observation.images.wrist_right': 831}",30,keep,16,d35b43675577f32967e3feac2c3097703819067208b6a6b22dea9d85b9c08508
67,pos,True,12.333333015441895,20.46666717529297,4,0,27.46666717529297,82.367,27.467,2472,825,-6.283185307179586,"{'observation.images.chest': 825, 'observation.images.wrist_right': 825}",30,keep,17,cbc31cc92d4f8650f8437282eba163a7f6711cb5be74bccef985bcd1ae5addc5
68,pos,True,10.600000381469727,17.0,4,0,24.0,53.1,24.0,1594,721,-6.283185307179586,"{'observation.images.chest': 721, 'observation.images.wrist_right': 721}",30,keep,18,3defc10ee56e4ff2f0c65302c1b523b83db8f9f0a8b620dedc852eb5b6813d4d
69,neg,False,10.399999618530273,17.866666793823242,4,0,24.866666793823242,74.233,24.867,2228,747,,"{'observation.images.chest': 747, 'observation.images.wrist_right': 747}",30,keep,19,f65238ad4e18334e287ea9218bbaef4120f0b48941e56d626a04f0fae842da21
70,neg,False,15.666666984558105,27.600000381469727,4,0,34.599998474121094,63.933,34.6,1919,1039,,"{'observation.images.chest': 1039, 'observation.images.wrist_right': 1039}",30,keep,20,b3c3d54a8decedca7d22e1cf469632e2262385a102f96130af9840bc45335e41
71,neg,False,12.600000381469727,20.53333282470703,4,0,27.53333282470703,57.6,27.533,1729,827,,"{'observation.images.chest': 827, 'observation.images.wrist_right': 827}",30,keep,21,8fe8c37196c93d177cf1b753038de1c414679cdf8b99536277ae7bcdbe69e286
72,neg,False,14.266666412353516,24.266666412353516,4,0,31.266666412353516,62.767,31.267,1884,939,,"{'observation.images.chest': 939, 'observation.images.wrist_right': 939}",30,keep,22,a835a43787b3139f80505dee7e3f38a0ed4f953ee94e6ea526314a8330a575ac
73,neg,False,15.866666793823242,28.066667556762695,4,0,35.06666564941406,64.167,35.067,1926,1053,,"{'observation.images.chest': 1053, 'observation.images.wrist_right': 1053}",30,keep,23,520705ad469b26de0b0ee6b9dfb296a8103f04268c5052730a0fca5e05da1912
74,neg,False,24.933332443237305,39.400001525878906,4,0,46.400001525878906,93.733,46.4,2813,1393,,"{'observation.images.chest': 1393, 'observation.images.wrist_right': 1393}",30,keep,24,95abf4c8f3fdf3b8040f279438b4c1bc998201f8f52eb5185bda19ebd24dc817
75,neg,False,15.800000190734863,27.399999618530273,4,0,34.36666488647461,67.633,34.367,2030,1032,,"{'observation.images.chest': 1032, 'observation.images.wrist_right': 1032}",30,keep,25,89fffa1b473f7a2359793078967ffc02e497a8322d805dce4d0043a2f30048a7
76,neg,False,20.066667556762695,29.266666412353516,4,0,36.266666412353516,68.633,36.267,2060,1089,,"{'observation.images.chest': 1089, 'observation.images.wrist_right': 1089}",30,keep,26,57df8f45fbb841a4c3b40a0f75df776fcac89287ed94d837ad5ca53ab3e3581f
77,neg,False,26.399999618530273,36.53333282470703,4,0,43.53333282470703,82.9,43.533,2488,1307,,"{'observation.images.chest': 1307, 'observation.images.wrist_right': 1307}",30,keep,27,3c28d5b31cd3fd06998e48878c030ac37e6926d3c467c98d82fd027508507767
78,neg,False,21.399999618530273,33.266666412353516,4,0,40.266666412353516,71.367,40.267,2142,1209,,"{'observation.images.chest': 1209, 'observation.images.wrist_right': 1209}",30,keep,28,e7e9cc08c8f88d4f398b926f1c5bf4802e0e1b4c95ba49d5133a70f4f3c8774d
79,neg,False,21.733333587646484,34.266666412353516,4,0,41.266666412353516,76.067,41.267,2283,1239,,"{'observation.images.chest': 1239, 'observation.images.wrist_right': 1239}",30,keep,29,eef583b494aceea30ab86d15698364c8e8ab60a34baa5a9d9edede98322ca30c
80,neg,False,19.733333587646484,28.066667556762695,4,0,35.06666564941406,74.2,35.067,2227,1053,,"{'observation.images.chest': 1053, 'observation.images.wrist_right': 1053}",30,keep,30,d717584a9f1ae3f7d90aeea89474d03121482d7f8c24d1066103d57e2a6f7bf9
81,neg,False,8.333333015441895,18.266666412353516,4,0,25.266666412353516,51.6,25.267,1549,759,,"{'observation.images.chest': 759, 'observation.images.wrist_right': 759}",30,keep,31,e74199715d8c53c737862ca594ba9400e5a042a5a7001868924a3f28eeecb67d
82,neg,False,7.733333110809326,19.866666793823242,4,0,26.866666793823242,52.067,26.867,1563,807,,"{'observation.images.chest': 807, 'observation.images.wrist_right': 807}",30,keep,32,aa5d91a86f337cf69f2334f533e4e5a3a321e7c1b3642892eb4cfa126eb29678
83,neg,False,24.933332443237305,36.20000076293945,4,0,43.20000076293945,74.333,43.2,2231,1297,,"{'observation.images.chest': 1297, 'observation.images.wrist_right': 1297}",30,keep,33,199865804983561914a2f9ecb2f802cb9a4ea1dc4d131f887907fdc4dc854c5a
84,neg,False,21.0,30.799999237060547,4,0,37.79999923706055,64.6,37.8,1939,1135,,"{'observation.images.chest': 1135, 'observation.images.wrist_right': 1135}",30,keep,34,0be11dcb7391f570ad70951acbc2055c979d1790fb26fc5b7cc41acfe6bbad34
85,neg,False,17.866666793823242,24.133333206176758,4,0,31.133333206176758,59.333,31.133,1781,935,,"{'observation.images.chest': 935, 'observation.images.wrist_right': 935}",30,keep,35,762a04f9b44531e7b2d6b2b7f1d4873784828db3bfccfdeaac7265a59a503b16
86,neg,False,15.066666603088379,23.933332443237305,4,0,30.933332443237305,62.133,30.933,1865,929,,"{'observation.images.chest': 929, 'observation.images.wrist_right': 929}",30,keep,36,86d647498d4ae736c13e0f790c3b034cb1f694aacf2b06d66632c992565c23d6
87,neg,False,16.600000381469727,23.0,4,0,30.0,59.833,30.0,1796,901,,"{'observation.images.chest': 901, 'observation.images.wrist_right': 901}",30,keep,37,51fafb3efe5c3061ccca7f8d14caf3442f787a67fa912a2143328cf53b5263b9
88,neg,False,15.399999618530273,21.399999618530273,4,0,28.399999618530273,69.033,28.4,2072,853,,"{'observation.images.chest': 853, 'observation.images.wrist_right': 853}",30,keep,38,916646468aec9739920146dad3968d8d8aea18a87e2b79b8554f97eccbe21321
89,neg,False,18.600000381469727,26.53333282470703,4,0,33.53333282470703,68.0,33.533,2041,1007,,"{'observation.images.chest': 1007, 'observation.images.wrist_right': 1007}",30,keep,39,fb4f9c14d6ca3c1b03f90c8781b91ce7072b44dcf17ae7dc8251483d73413a9d
90,neg,False,12.533333778381348,22.0,4,0,29.0,65.733,29.0,1973,871,,"{'observation.images.chest': 871, 'observation.images.wrist_right': 871}",30,keep,40,b835f292650b4561bf1c1eb146fb817ba0a6d6e234c19a35ece3410149e79a2e
91,neg,False,9.066666603088379,17.53333282470703,4,0,24.53333282470703,53.033,24.533,1592,737,,"{'observation.images.chest': 737, 'observation.images.wrist_right': 737}",30,keep,41,5fc13eddf778baad6f9e0374c7b0f598b838da1a2bd549011586a0f253f21e7c
92,neg,False,14.933333396911621,21.066667556762695,4,0,28.066667556762695,54.9,28.067,1648,843,,"{'observation.images.chest': 843, 'observation.images.wrist_right': 843}",30,keep,42,55978de4ee588ebfb44dcdb596c81c29ff0f6e329a0b1afdf3808ad55b1781d2
93,neg,False,7.733333110809326,14.933333396911621,4,0,21.933332443237305,52.667,21.933,1581,659,,"{'observation.images.chest': 659, 'observation.images.wrist_right': 659}",30,keep,43,b0f0520ef5108de9ee7f974f2ddc6574ff0bff5cfb3bde53a3c312d6d0bdaa9c
94,neg,False,9.933333396911621,18.133333206176758,4,0,25.133333206176758,55.3,25.133,1660,755,,"{'observation.images.chest': 755, 'observation.images.wrist_right': 755}",30,keep,44,3ab813e1a5214bbd7b1b8e49a2d737d4b21e631e1bec14036e5d886779691adf
95,neg,False,11.666666984558105,19.600000381469727,4,0,26.600000381469727,60.833,26.6,1826,799,,"{'observation.images.chest': 799, 'observation.images.wrist_right': 799}",30,keep,45,a43733f3f3d255e527b2d069595b06e0362b6de218e360c9360b9f74813bc3f0
96,neg,False,17.0,23.733333587646484,4,0,30.733333587646484,63.7,30.733,1912,923,,"{'observation.images.chest': 923, 'observation.images.wrist_right': 923}",30,keep,46,a834ea9e6849f9a40260db476512dd5dc0f7bb93781b3764c4f6fe987e985a0a
97,neg,False,19.200000762939453,27.46666717529297,4,0,34.46666717529297,67.633,34.467,2030,1035,,"{'observation.images.chest': 1035, 'observation.images.wrist_right': 1035}",30,keep,47,963812387a66a7a0dc5ba8812cc24968b2e6d90fc21f288d06e99f9cbf5fd85d
98,neg,False,9.399999618530273,18.53333282470703,4,0,25.53333282470703,48.2,25.533,1447,767,,"{'observation.images.chest': 767, 'observation.images.wrist_right': 767}",30,keep,48,6d97bd025b0145f250ee20c90904b09e3d0e47a0eb58c0054b8ae8c6e4d33d6b
99,neg,False,9.466666221618652,20.200000762939453,4,0,27.200000762939453,52.667,27.2,1581,817,,"{'observation.images.chest': 817, 'observation.images.wrist_right': 817}",30,keep,49,a03a8bc04ae1728c23850996d9498a70bb9b9ec15eec41b5089defedb608bb0c
